Age_band_of_driver,Vehicle_driver_relation,Driving_experience,Area_accident_occured,Lanes_or_Medians,Types_of_Junction,Road_surface_type,Light_conditions,Weather_conditions,Type_of_collision,Number_of_vehicles_involved,Number_of_casualties,Vehicle_movement,Casualty_class,Age_band_of_casualty,Cause_of_accident,Accident_severity
31-50,Employee,1-2yr,,Two-way (divided with broken lines road marking),No junction,Asphalt roads,Daylight,Normal,Vehicle with vehicle collision,2,1,Going straight,na,na,Changing lane to the left,Slight Injury
Unknown,Owner,5-10yr,,Two-way (divided with broken lines road marking),No junction,Asphalt roads,Daylight,Normal,Vehicle with vehicle collision,2,1,Going straight,na,na,Changing lane to the left,Slight Injury
31-50,Employee,5-10yr,Office areas,Undivided Two way,No junction,Asphalt roads,Daylight,Normal,Rollover,2,1,Going straight,Driver or rider,18-30,Driving to the left,Slight Injury
31-50,Employee,5-10yr, Outside rural areas,Two-way (divided with broken lines road marking),No junction,Asphalt roads,Daylight,Normal,Collision with roadside objects,2,1,Moving Backward,Driver or rider,31-50,Changing lane to the left,Slight Injury
18-30,Employee,5-10yr, Church areas,Two-way (divided with broken lines road marking),Unknown,Asphalt roads,Daylight,Normal,Vehicle with vehicle collision,2,1,Moving Backward,na,na,Driving under the influence of drugs,Slight Injury
31-50,Employee,Above 10yr,Office areas,other,Unknown,Asphalt roads,Daylight,Normal,Vehicle with vehicle collision,2,1,Moving Backward,Pedestrian,Under 18,No priority to pedestrian,Slight Injury
Unknown,Employee,5-10yr, Church areas,Two-way (divided with broken lines road marking),Y Shape,Asphalt roads,Darkness - lights lit,Raining,Collision with roadside objects,2,1,Other,na,na,Changing lane to the left,Slight Injury
18-30,Employee,No Licence,Office areas,other,Y Shape,Asphalt roads,Darkness - lights lit,Raining,Vehicle with vehicle collision,2,1,Going straight,Driver or rider,31-50,Moving Backward,Slight Injury
18-30,Employee,Below 1yr,Office areas,Undivided Two way,Crossing,Asphalt roads,Darkness - lights lit,Raining,Vehicle with vehicle collision,2,1,Unknown,Driver or rider,18-30,No distancing,Slight Injury
Under 18,Employee,5-10yr,School areas,Two-way (divided with broken lines road marking),Crossing,Gravel roads,Darkness - lights lit,Raining,Vehicle with vehicle collision,2,1,Turnover,na,na,Changing lane to the right,Slight Injury
Unknown,Employee,5-10yr,Residential areas,Two-way (divided with broken lines road marking),Y Shape,Asphalt roads,Darkness - lights lit,Unknown,Vehicle with vehicle collision,2,2,Getting off,na,na,No priority to vehicle,Slight Injury
Under 18,Employee,5-10yr,Office areas,other,Y Shape,Earth roads,Darkness - lights lit,Unknown,Vehicle with vehicle collision,2,2,Going straight,Driver or rider,18-30,Moving Backward,Slight Injury
Under 18,Employee,5-10yr,Rural village areasOffice areas,other,Y Shape,Asphalt roads,Darkness - lights lit,Unknown,Vehicle with vehicle collision,2,2,Going straight,Driver or rider,31-50,Overtaking,Slight Injury
Unknown,Employee,5-10yr,Other,Two-way (divided with broken lines road marking),No junction,Asphalt roads,Daylight,Normal,Collision with pedestrians,2,1,Going straight,na,na,Changing lane to the left,Slight Injury
Over 51,Employee,2-5yr,Residential areas,Undivided Two way,No junction,Asphalt roads,Daylight,Normal,Vehicle with vehicle collision,2,1,Turnover,Driver or rider,31-50,Changing lane to the right,Slight Injury
Unknown,Employee,5-10yr,Office areas,Undivided Two way,Y Shape,Earth roads,Daylight,Normal,Collision with roadside objects,2,1,Reversing,na,na,Overtaking,Slight Injury
18-30,Employee,Above 10yr,Office areas,Undivided Two way,Y Shape,Asphalt roads,Daylight,Normal,Vehicle with vehicle collision,2,1,Moving Backward,na,na,Overloading,Slight Injury
Over 51,Employee,1-2yr,Residential areas,Undivided Two way,Y Shape,Asphalt roads,Daylight,Other,Vehicle with vehicle collision,2,1,Other,Driver or rider,18-30,Other,Slight Injury
31-50,Employee,Below 1yr,Office areas,Undivided Two way,Y Shape,Asphalt roads,Daylight,Other,Vehicle with vehicle collision,2,1,Going straight,Passenger,31-50,No priority to vehicle,Slight Injury
Unknown,Employee,1-2yr,Office areas,Undivided Two way,Y Shape,Asphalt roads,Daylight,Unknown,Vehicle with vehicle collision,2,1,Going straight,Driver or rider,18-30,Changing lane to the right,Slight Injury
Under 18,Employee,5-10yr,Office areas,,Y Shape,Asphalt roads,Daylight,Unknown,Vehicle with vehicle collision,2,1,Going straight,na,na,Moving Backward,Slight Injury
18-30,Employee,1-2yr,Office areas,Two-way (divided with broken lines road marking),Y Shape,Asphalt roads,Daylight,Normal,Vehicle with vehicle collision,2,1,Going straight,na,na,Changing lane to the left,Slight Injury
Unknown,Owner,5-10yr,Other,Undivided Two way,Y Shape,Asphalt roads,Daylight,Normal,Vehicle with vehicle collision,2,1,Going straight,na,na,No priority to pedestrian,Slight Injury
Unknown,Employee,2-5yr,Other,Two-way (divided with broken lines road marking),No junction,Asphalt roads,Daylight,Normal,Vehicle with vehicle collision,1,1,Going straight,Driver or rider,18-30,No distancing,Slight Injury
Unknown,Owner,Below 1yr,Other,Two-way (divided with broken lines road marking),No junction,Asphalt roads,Darkness - lights lit,Normal,Vehicle with vehicle collision,2,1,Going straight,Driver or rider,5,No priority to vehicle,Slight Injury
Under 18,Employee,5-10yr,Residential areas,One way,No junction,Asphalt roads,Darkness - lights lit,Normal,Collision with roadside objects,2,1,Going straight,na,na,No distancing,Slight Injury
18-30,Employee,5-10yr,School areas,Undivided Two way,Y Shape,Asphalt roads,Daylight,Unknown,Vehicle with vehicle collision,2,3,Going straight,Driver or rider,31-50,No distancing,Slight Injury
18-30,Employee,5-10yr,Residential areas,Undivided Two way,Y Shape,Asphalt roads,Daylight,Unknown,Collision with roadside objects,2,3,Other,na,na,Moving Backward,Slight Injury
18-30,Employee,2-5yr,Office areas,Two-way (divided with broken lines road marking),Y Shape,Asphalt roads,Daylight,Unknown,Vehicle with vehicle collision,2,3,Moving Backward,Pedestrian,18-30,Changing lane to the right,Slight Injury
31-50,Employee,Above 10yr, Church areas,One way,Y Shape,Asphalt roads,Daylight,Unknown,Vehicle with vehicle collision,2,3,Going straight,Pedestrian,18-30,No priority to pedestrian,Slight Injury
18-30,Employee,5-10yr,Other,Undivided Two way,Y Shape,Asphalt roads,Daylight,Normal,,1,1,Moving Backward,Pedestrian,5,Moving Backward,Serious Injury
31-50,Employee,Above 10yr,Other,One way,No junction,Asphalt roads,Daylight,Normal,Collision with pedestrians,2,1,Going straight,Driver or rider,Under 18,Getting off the vehicle improperly,Slight Injury
31-50,Employee,2-5yr,Other,Two-way (divided with broken lines road marking),No junction,Asphalt roads,Daylight,Normal,Vehicle with vehicle collision,2,1,Moving Backward,Pedestrian,18-30,Overtaking,Slight Injury
31-50,Employee,Below 1yr,Other,Two-way (divided with broken lines road marking),No junction,Asphalt roads,Daylight,Normal,Vehicle with vehicle collision,2,1,,Pedestrian,31-50,Overloading,Slight Injury
Unknown,Employee,Below 1yr,Office areas,Undivided Two way,No junction,Asphalt roads,Daylight,Normal,Vehicle with vehicle collision,2,1,Going straight,Pedestrian,Over 51,Changing lane to the right,Slight Injury
31-50,Owner,5-10yr,Office areas,Two-way (divided with solid lines road marking),Y Shape,Asphalt roads,Daylight,Raining,Collision with pedestrians,4,3,Going straight,Pedestrian,31-50,Improper parking,Slight Injury
Over 51,Employee,2-5yr,Residential areas,Undivided Two way,Y Shape,Earth roads,Daylight,Raining,Collision with roadside objects,4,3,Going straight,Pedestrian,31-50,Other,Slight Injury
18-30,Employee,Below 1yr,Office areas,One way,Y Shape,Asphalt roads,Daylight,Raining,,4,3,Going straight,na,na,Changing lane to the left,Slight Injury
18-30,Employee,2-5yr,Residential areas,Two-way (divided with broken lines road marking),Y Shape,Asphalt roads,Daylight,Raining,Vehicle with vehicle collision,4,3,Other,Driver or rider,18-30,Changing lane to the right,Slight Injury
31-50,Employee,5-10yr,Office areas,Undivided Two way,Y Shape,Other,Daylight,Raining,,2,1,Going straight,Driver or rider,Under 18,No priority to pedestrian,Slight Injury
31-50,Employee,Above 10yr,Other,Two-way (divided with broken lines road marking),Y Shape,Asphalt roads,Daylight,Raining,,2,1,Moving Backward,na,na,Overspeed,Slight Injury
Unknown,Employee,Above 10yr,Office areas,One way,Y Shape,Asphalt roads,Daylight,Normal,,2,2,Moving Backward,Passenger,31-50,Changing lane to the left,Slight Injury
Unknown,Employee,5-10yr,School areas,Undivided Two way,Y Shape,Asphalt roads,Daylight,Normal,Vehicle with vehicle collision,2,2,Moving Backward,na,na,No priority to vehicle,Slight Injury
Unknown,Employee,1-2yr,Residential areas,One way,Y Shape,Asphalt roads,Daylight,Normal,Vehicle with vehicle collision,2,2,Going straight,Driver or rider,18-30,Changing lane to the right,Slight Injury
31-50,Employee,5-10yr,Office areas,Undivided Two way,Y Shape,Asphalt roads,Daylight,Normal,Collision with roadside objects,2,2,Going straight,na,na,No distancing,Slight Injury
31-50,Employee,5-10yr,Residential areas,Undivided Two way,Y Shape,Asphalt roads,Daylight,Normal,Collision with roadside objects,2,2,Going straight,Driver or rider,18-30,No priority to pedestrian,Slight Injury
18-30,Employee,1-2yr,Office areas,Undivided Two way,Y Shape,Asphalt roads,Daylight,Normal,Vehicle with vehicle collision,3,4,Going straight,na,na,No distancing,Slight Injury
Under 18,Owner,5-10yr,Residential areas,One way,Y Shape,Asphalt roads,Daylight,Normal,Vehicle with vehicle collision,3,4,Other,Driver or rider,18-30,No priority to vehicle,Slight Injury
Under 18,Owner,Above 10yr,Other,other,Y Shape,Asphalt roads,Daylight,Normal,Vehicle with vehicle collision,3,4,Going straight,Passenger,18-30,Other,Slight Injury
18-30,Owner,Below 1yr,Other,Two-way (divided with broken lines road marking),Y Shape,Asphalt roads,Daylight,Normal,Vehicle with vehicle collision,3,4,Going straight,na,na,Driving carelessly,Slight Injury
Unknown,Owner,5-10yr,Office areas,Two-way (divided with broken lines road marking),Crossing,Asphalt roads,Daylight,Normal,Vehicle with vehicle collision,2,1,Going straight,na,na,Changing lane to the left,Serious Injury
Over 51,Employee,Above 10yr,Office areas,Two-way (divided with broken lines road marking),Crossing,Asphalt roads,Daylight,Normal,Rollover,2,1,Reversing,Driver or rider,5,Driving carelessly,Serious Injury
Unknown,Employee,Below 1yr,Residential areas,Two-way (divided with broken lines road marking),Y Shape,Asphalt roads,Daylight,Unknown,Vehicle with vehicle collision,2,1,Moving Backward,Pedestrian,31-50,Changing lane to the left,Slight Injury
31-50,Employee,1-2yr,Other,Two-way (divided with broken lines road marking),Y Shape,Asphalt roads,Daylight,Unknown,Collision with roadside objects,2,1,Going straight,na,na,No priority to vehicle,Slight Injury
18-30,Employee,Above 10yr,Other,Undivided Two way,No junction,Asphalt roads,Daylight,Normal,Collision with pedestrians,1,1,Going straight,na,na,No distancing,Slight Injury
Unknown,Owner,Above 10yr,Office areas,Two-way (divided with broken lines road marking),Unknown,Asphalt roads,Daylight,Normal,Vehicle with vehicle collision,2,1,Reversing,Driver or rider,18-30,Changing lane to the right,Slight Injury
18-30,Employee,Above 10yr,Office areas,Two-way (divided with broken lines road marking),Unknown,Asphalt roads,Daylight,Normal,Vehicle with vehicle collision,2,1,Going straight,na,na,Changing lane to the right,Slight Injury
18-30,Employee,No Licence, Church areas,Undivided Two way,No junction,Asphalt roads,Daylight,Normal,Vehicle with vehicle collision,1,1,Reversing,Driver or rider,Over 51,Driving at high speed,Slight Injury
Unknown,Employee,1-2yr,Other,One way,No junction,Asphalt roads,Daylight,Normal,Vehicle with vehicle collision,2,2,Other,Pedestrian,Under 18,No distancing,Slight Injury
31-50,Owner,1-2yr,Office areas,Undivided Two way,No junction,Asphalt roads,Daylight,Normal,Vehicle with vehicle collision,2,2,,Passenger,Under 18,Changing lane to the right,Slight Injury
31-50,Owner,Below 1yr,Office areas,Two-way (divided with broken lines road marking),No junction,Gravel roads,Daylight,Normal,Vehicle with vehicle collision,2,2,Going straight,Pedestrian,Under 18,Changing lane to the left,Slight Injury
Over 51,Owner,1-2yr,Residential areas,Two-way (divided with broken lines road marking),Y Shape,Asphalt roads,Daylight,Normal,Vehicle with vehicle collision,2,1,Going straight,na,na,Getting off the vehicle improperly,Slight Injury
Over 51,Owner,2-5yr,Other,Undivided Two way,Y Shape,Asphalt roads,Daylight,Normal,Collision with roadside objects,2,1,Going straight,Driver or rider,31-50,Other,Slight Injury
Unknown,Owner,5-10yr,Residential areas,Two-way (divided with broken lines road marking),Y Shape,Asphalt roads,Daylight,Normal,Rollover,2,1,Going straight,Pedestrian,Under 18,Other,Slight Injury
31-50,Owner,Above 10yr,Office areas,Two-way (divided with broken lines road marking),Y Shape,Asphalt roads,Daylight,Normal,Vehicle with vehicle collision,2,1,Going straight,Pedestrian,31-50,No distancing,Slight Injury
18-30,Owner,2-5yr,Office areas,Undivided Two way,Crossing,Asphalt roads,Daylight,Normal,Collision with pedestrians,1,1,Going straight,na,na,No priority to vehicle,Slight Injury
31-50,Owner,Above 10yr,Other,Undivided Two way,Y Shape,Asphalt roads,Daylight,Cloudy,Vehicle with vehicle collision,1,1,Going straight,na,na,Overtaking,Slight Injury
31-50,Owner,5-10yr,Other,other,No junction,Asphalt roads,Daylight,Cloudy,Vehicle with vehicle collision,4,2,Going straight,Driver or rider,31-50,No priority to pedestrian,Slight Injury
31-50,Owner,,Office areas,One way,No junction,Asphalt roads,Daylight,Cloudy,Collision with pedestrians,4,2,Going straight,Pedestrian,Under 18,No distancing,Slight Injury
31-50,Owner,5-10yr,Residential areas,Two-way (divided with broken lines road marking),No junction,Asphalt roads,Daylight,Cloudy,Collision with pedestrians,4,2,Going straight,Pedestrian,18-30,Changing lane to the right,Slight Injury
Unknown,Owner,Below 1yr,Other,Two-way (divided with broken lines road marking),No junction,Asphalt roads,Daylight,Cloudy,Vehicle with vehicle collision,4,2,Going straight,Pedestrian,18-30,Driving carelessly,Slight Injury
18-30,Owner,2-5yr,Residential areas,Undivided Two way,No junction,Asphalt roads,Daylight,Normal,Vehicle with vehicle collision,2,1,Going straight,Driver or rider,31-50,Changing lane to the right,Slight Injury
Unknown,Employee,2-5yr, Church areas,Two-way (divided with broken lines road marking),No junction,Asphalt roads,Daylight,Normal,Vehicle with vehicle collision,2,1,Going straight,Pedestrian,18-30,Overtaking,Slight Injury
Over 51,Employee,2-5yr,Residential areas,Two-way (divided with broken lines road marking),Crossing,Asphalt roads,Daylight,Raining,Vehicle with vehicle collision,2,1,Going straight,na,na,Other,Slight Injury
31-50,Employee,2-5yr,Office areas,One way,Crossing,Asphalt roads,Daylight,Raining,Vehicle with vehicle collision,2,1,Going straight,Driver or rider,18-30,Driving to the left,Slight Injury
Under 18,Employee,5-10yr,Residential areas,Two-way (divided with broken lines road marking),Y Shape,Asphalt roads,Daylight,Normal,Collision with roadside objects,2,1,Moving Backward,Passenger,18-30,Driving at high speed,Slight Injury
18-30,Employee,5-10yr,Other,One way,Y Shape,Asphalt roads,Daylight,Normal,Vehicle with vehicle collision,2,1,Going straight,Driver or rider,18-30,Unknown,Slight Injury
31-50,Employee,Above 10yr, Industrial areas,Two-way (divided with broken lines road marking),Y Shape,Asphalt roads,Daylight,Normal,Vehicle with vehicle collision,1,1,Going straight,Passenger,18-30,Changing lane to the right,Serious Injury
31-50,Employee,5-10yr, Church areas,Two-way (divided with broken lines road marking),Y Shape,Gravel roads,Daylight,Normal,Vehicle with vehicle collision,1,1,Going straight,Driver or rider,Over 51,No distancing,Slight Injury
31-50,Employee,5-10yr,Residential areas,Undivided Two way,Y Shape,Asphalt roads,Daylight,Unknown,Vehicle with vehicle collision,2,1,,na,na,Other,Slight Injury
18-30,Employee,Above 10yr,,Two-way (divided with broken lines road marking),Y Shape,Gravel roads,Daylight,Unknown,Vehicle with vehicle collision,2,1,Turnover,Driver or rider,18-30,No priority to vehicle,Slight Injury
Unknown,Owner,,,Two-way (divided with broken lines road marking),No junction,Asphalt roads,Daylight,Unknown,Vehicle with vehicle collision,2,1,Going straight,Driver or rider,18-30,Changing lane to the left,Slight Injury
Unknown,Owner,5-10yr,Office areas,Undivided Two way,No junction,Asphalt roads,Daylight,Unknown,Vehicle with vehicle collision,2,1,Going straight,Passenger,Under 18,No priority to pedestrian,Slight Injury
Unknown,Employee,5-10yr, Outside rural areas,Two-way (divided with broken lines road marking),No junction,Asphalt roads,Daylight,Normal,Vehicle with vehicle collision,1,1,Going straight,na,na,Overtaking,Serious Injury
18-30,Employee,Below 1yr, Church areas,Two-way (divided with broken lines road marking),Y Shape,Asphalt roads,Daylight,Normal,Vehicle with vehicle collision,2,1,Going straight,Pedestrian,31-50,Driving carelessly,Slight Injury
Unknown,,,Office areas,other,Y Shape,Asphalt roads,Daylight,Normal,Vehicle with vehicle collision,2,1,Going straight,na,na,No priority to vehicle,Slight Injury
18-30,Employee,5-10yr, Church areas,Two-way (divided with broken lines road marking),No junction,Asphalt roads,Darkness - lights lit,Normal,Vehicle with vehicle collision,1,2,Going straight,Driver or rider,18-30,No priority to pedestrian,Slight Injury
18-30,Employee,5-10yr,Office areas,other,No junction,Asphalt roads,Darkness - lights lit,Normal,Vehicle with vehicle collision,1,2,Going straight,Pedestrian,18-30,Changing lane to the right,Slight Injury
Under 18,Employee,Above 10yr,Office areas,Undivided Two way,Crossing,Asphalt roads,Daylight,Normal,Vehicle with vehicle collision,2,1,Going straight,Driver or rider,Over 51,Driving carelessly,Slight Injury
18-30,Employee,Above 10yr,School areas,Two-way (divided with broken lines road marking),Crossing,Asphalt roads,Daylight,Normal,Vehicle with vehicle collision,2,1,Going straight,na,na,Changing lane to the right,Slight Injury
18-30,Employee,Above 10yr,Residential areas,Two-way (divided with broken lines road marking),O Shape,Asphalt roads,Daylight,Normal,Vehicle with vehicle collision,2,1,Turnover,na,na,Changing lane to the right,Slight Injury
18-30,Employee,Above 10yr,Office areas,other,O Shape,Asphalt roads,Daylight,Normal,Collision with roadside objects,2,1,,Driver or rider,18-30,Changing lane to the left,Slight Injury
Unknown,Employee,Above 10yr,Rural village areasOffice areas,other,No junction,Asphalt roads,Daylight,Normal,Vehicle with vehicle collision,2,1,Reversing,Driver or rider,31-50,Overturning,Slight Injury
31-50,Employee,Above 10yr,Other,Two-way (divided with broken lines road marking),No junction,Asphalt roads,Daylight,Normal,Vehicle with vehicle collision,2,1,Other,Pedestrian,Over 51,Driving carelessly,Slight Injury
Unknown,Employee,5-10yr,Residential areas,Undivided Two way,No junction,Asphalt roads,Daylight,Unknown,Vehicle with vehicle collision,2,1,Going straight,Driver or rider,Under 18,No distancing,Slight Injury
Unknown,Employee,2-5yr,Office areas,Undivided Two way,No junction,Asphalt roads,Daylight,Unknown,Vehicle with vehicle collision,2,1,Going straight,na,na,Driving carelessly,Slight Injury
Unknown,Employee,Below 1yr,Office areas,Undivided Two way,No junction,Asphalt roads,Daylight,Normal,Collision with pedestrians,2,1,Turnover,Pedestrian,31-50,Changing lane to the left,Slight Injury
18-30,Employee,Below 1yr,Residential areas,Undivided Two way,No junction,Asphalt roads,Daylight,Normal,Vehicle with vehicle collision,2,1,Other,Pedestrian,31-50,No priority to vehicle,Slight Injury
Under 18,Employee,2-5yr,Office areas,Undivided Two way,No junction,Asphalt roads,Daylight,Normal,Vehicle with vehicle collision,2,1,Going straight,Pedestrian,31-50,Changing lane to the right,Slight Injury
31-50,Employee,Below 1yr,Office areas,Undivided Two way,No junction,Asphalt roads,Daylight,Normal,Vehicle with vehicle collision,2,1,Going straight,Driver or rider,18-30,No distancing,Slight Injury
31-50,Employee,Below 1yr,Office areas,,Other,Asphalt roads,Daylight,Normal,Vehicle with vehicle collision,1,1,Other,na,na,Moving Backward,Slight Injury
Unknown,Employee,,Office areas,Two-way (divided with broken lines road marking),Crossing,Asphalt roads,Darkness - lights lit,Normal,Vehicle with vehicle collision,2,1,Going straight,na,na,Moving Backward,Slight Injury
Under 18,Employee,5-10yr,Other,Undivided Two way,Crossing,Asphalt roads,Darkness - lights lit,Normal,Vehicle with vehicle collision,2,1,Turnover,Driver or rider,5,No distancing,Slight Injury
18-30,Employee,Below 1yr,Other,Two-way (divided with broken lines road marking),Y Shape,Asphalt roads,Daylight,Normal,Vehicle with vehicle collision,2,1,Going straight,Driver or rider,31-50,No distancing,Slight Injury
Unknown,Employee,Below 1yr,Other,Two-way (divided with broken lines road marking),Y Shape,Asphalt roads,Daylight,Normal,Vehicle with vehicle collision,2,1,Turnover,Driver or rider,31-50,No distancing,Slight Injury
31-50,Employee,1-2yr,Residential areas,One way,No junction,Asphalt roads,Daylight,Normal,Collision with pedestrians,2,1,Going straight,Passenger,31-50,No priority to pedestrian,Slight Injury
31-50,Employee,Above 10yr,School areas,Undivided Two way,No junction,Asphalt roads,Daylight,Normal,Vehicle with vehicle collision,2,1,Moving Backward,Passenger,31-50,Driving carelessly,Slight Injury
31-50,Employee,Above 10yr,Residential areas,Undivided Two way,No junction,Asphalt roads,Daylight,Raining,Vehicle with vehicle collision,1,1,,na,na,Changing lane to the right,Slight Injury
18-30,Employee,Below 1yr,Office areas,Two-way (divided with broken lines road marking),Y Shape,Asphalt roads,Darkness - lights lit,Raining,Vehicle with vehicle collision,2,1,Going straight,Driver or rider,31-50,Changing lane to the left,Slight Injury
Unknown,Employee,2-5yr, Church areas,One way,Y Shape,Asphalt roads,Darkness - lights lit,Raining,Vehicle with vehicle collision,2,1,Going straight,Pedestrian,31-50,Driving carelessly,Slight Injury
31-50,Employee,2-5yr,Other,Undivided Two way,No junction,Asphalt roads,Daylight,Normal,Collision with roadside objects,2,1,Reversing,Passenger,18-30,Driving carelessly,Slight Injury
31-50,Employee,Above 10yr,Other,One way,No junction,Asphalt roads,Daylight,Normal,Vehicle with vehicle collision,2,1,Reversing,na,na,No distancing,Slight Injury
18-30,Employee,2-5yr,Other,Two-way (divided with broken lines road marking),Y Shape,Asphalt roads,Daylight,Normal,Vehicle with vehicle collision,2,1,Reversing,Driver or rider,18-30,Other,Slight Injury
Unknown,Employee,2-5yr,Other,Two-way (divided with broken lines road marking),Y Shape,Asphalt roads,Daylight,Normal,Vehicle with vehicle collision,2,1,Going straight,Pedestrian,31-50,Changing lane to the right,Slight Injury
18-30,Employee,1-2yr,Office areas,Undivided Two way,No junction,Asphalt roads,Daylight,Normal,Vehicle with vehicle collision,1,1,Going straight,Passenger,Over 51,Changing lane to the right,Serious Injury
Unknown,Employee,5-10yr,Office areas,Two-way (divided with solid lines road marking),Y Shape,Asphalt roads,Daylight,Normal,Vehicle with vehicle collision,2,1,Going straight,Driver or rider,31-50,No distancing,Serious Injury
18-30,Employee,Below 1yr,Residential areas,Undivided Two way,Y Shape,Asphalt roads,Daylight,Normal,Vehicle with vehicle collision,2,1,Going straight,na,na,No distancing,Serious Injury
18-30,Employee,Below 1yr,Office areas,One way,Y Shape,Asphalt roads,Daylight,Normal,Vehicle with vehicle collision,2,1,Moving Backward,Driver or rider,18-30,Overturning,Serious Injury
18-30,Employee,,Residential areas,Two-way (divided with broken lines road marking),Y Shape,Asphalt roads,Daylight,Normal,Collision with roadside objects,2,1,Going straight,na,na,Driving at high speed,Serious Injury
18-30,Employee,Below 1yr,Office areas,Undivided Two way,Crossing,Asphalt roads,Darkness - lights lit,Normal,Vehicle with vehicle collision,2,1,Moving Backward,na,na,No priority to vehicle,Slight Injury
31-50,Employee,1-2yr,Other,Two-way (divided with broken lines road marking),Crossing,Asphalt roads,Darkness - lights lit,Normal,Vehicle with vehicle collision,2,1,Moving Backward,Driver or rider,18-30,No priority to pedestrian,Slight Injury
Unknown,Employee,2-5yr,Office areas,One way,Crossing,Asphalt roads,Daylight,Normal,Vehicle with vehicle collision,2,1,Going straight,na,na,No priority to vehicle,Slight Injury
18-30,Employee,1-2yr,School areas,Undivided Two way,Crossing,Asphalt roads,Daylight,Normal,Vehicle with vehicle collision,2,1,Other,Driver or rider,31-50,Other,Slight Injury
Unknown,Employee,5-10yr,Residential areas,One way,No junction,Asphalt roads,Daylight,Unknown,Rollover,2,2,Going straight,Driver or rider,18-30,Other,Slight Injury
31-50,Employee,Below 1yr,Office areas,Undivided Two way,No junction,Asphalt roads,Daylight,Unknown,Vehicle with vehicle collision,2,2,Other,na,na,Moving Backward,Slight Injury
31-50,Employee,Above 10yr,Residential areas,Undivided Two way,No junction,Asphalt roads,Daylight,Unknown,Vehicle with vehicle collision,2,2,Going straight,na,na,No distancing,Slight Injury
Over 51,Owner,5-10yr,Office areas,Undivided Two way,Unknown,Asphalt roads,Daylight,Normal,Collision with roadside objects,2,2,Reversing,Driver or rider,18-30,Moving Backward,Slight Injury
Over 51,Employee,Below 1yr,Office areas,Two-way (divided with broken lines road marking),Unknown,Asphalt roads,Daylight,Normal,Vehicle with vehicle collision,2,2,,Pedestrian,18-30,No priority to vehicle,Slight Injury
Over 51,Employee,5-10yr,Residential areas,Undivided Two way,Unknown,Asphalt roads,Daylight,Normal,Vehicle with vehicle collision,2,2,Going straight,Pedestrian,Over 51,Driving carelessly,Slight Injury
31-50,Owner,5-10yr,Other,Two-way (divided with broken lines road marking),Y Shape,Asphalt roads,Daylight,Normal,Vehicle with vehicle collision,2,2,Going straight,Driver or rider,18-30,No distancing,Slight Injury
18-30,Employee,2-5yr, Industrial areas,Undivided Two way,Y Shape,Asphalt roads,Daylight,Normal,Collision with roadside objects,2,2,Going straight,na,na,Other,Slight Injury
Under 18,Employee,Above 10yr,Office areas,Two-way (divided with broken lines road marking),Y Shape,Asphalt roads,Daylight,Normal,Collision with roadside objects,2,2,Going straight,Pedestrian,31-50,Changing lane to the right,Slight Injury
Unknown,Employee,5-10yr,  Recreational areas,Two-way (divided with broken lines road marking),Y Shape,Asphalt roads,Daylight,Normal,Vehicle with vehicle collision,2,2,Going straight,Pedestrian,18-30,No distancing,Slight Injury
Unknown,Employee,1-2yr,Residential areas,Two-way (divided with broken lines road marking),Crossing,Asphalt roads,Daylight,Normal,Vehicle with vehicle collision,2,1,Going straight,Driver or rider,18-30,Driving carelessly,Slight Injury
Over 51,Employee,Above 10yr,Residential areas,Undivided Two way,Crossing,Asphalt roads,Daylight,Normal,Collision with roadside objects,2,1,Other,na,na,No distancing,Slight Injury
31-50,Owner,2-5yr, Church areas,Undivided Two way,Y Shape,Asphalt roads,Daylight,Unknown,Collision with roadside objects,2,2,Going straight,Pedestrian,31-50,No priority to vehicle,Slight Injury
31-50,Employee,5-10yr,Residential areas,Undivided Two way,Y Shape,Asphalt roads,Daylight,Unknown,Vehicle with vehicle collision,2,2,Going straight,Driver or rider,18-30,Changing lane to the right,Slight Injury
31-50,Employee,Below 1yr,,other,Y Shape,Asphalt roads,Daylight,Unknown,Collision with pedestrians,2,2,Going straight,na,na,No priority to pedestrian,Slight Injury
18-30,Employee,5-10yr,Other,Undivided Two way,Y Shape,Asphalt roads,Daylight,Normal,Vehicle with vehicle collision,2,1,Going straight,Pedestrian,Under 18,No priority to vehicle,Slight Injury
31-50,Employee,Above 10yr,Other,Two-way (divided with solid lines road marking),Y Shape,Asphalt roads,Daylight,Normal,Vehicle with vehicle collision,2,1,Reversing,na,na,Changing lane to the left,Slight Injury
Over 51,Employee,5-10yr, Church areas,Two-way (divided with solid lines road marking),Y Shape,Asphalt roads,Daylight,Normal,Vehicle with vehicle collision,2,1,Going straight,Driver or rider,31-50,Turnover,Slight Injury
18-30,Employee,1-2yr,Other,Two-way (divided with solid lines road marking),Y Shape,Asphalt roads,Daylight,Normal,Vehicle with vehicle collision,2,1,Going straight,Passenger,31-50,Driving to the left,Slight Injury
Over 51,Employee,, Church areas,Two-way (divided with solid lines road marking),Y Shape,Asphalt roads,Daylight,Normal,Vehicle with vehicle collision,2,1,Other,Pedestrian,5,Driving carelessly,Slight Injury
Under 18,Employee,1-2yr, Church areas,Two-way (divided with broken lines road marking),Y Shape,Asphalt roads,Daylight,Normal,Collision with roadside objects,2,1,Going straight,Pedestrian,Over 51,Driving to the left,Slight Injury
31-50,Employee,Above 10yr,Other,Undivided Two way,Y Shape,Asphalt roads,Daylight,Normal,Collision with roadside objects,2,1,Going straight,Driver or rider,18-30,Driving carelessly,Slight Injury