Age_band_of_driver,Vehicle_driver_relation,Driving_experience,Area_accident_occured,Lanes_or_Medians,Types_of_Junction,Road_surface_type,Light_conditions,Weather_conditions,Type_of_collision,Number_of_vehicles_involved,Number_of_casualties,Vehicle_movement,Casualty_class,Age_band_of_casualty,Cause_of_accident,Accident_severity
31-50,Employee,Below 1yr, Church areas,Undivided Two way,Y Shape,Asphalt roads,Daylight,Raining,Collision with roadside objects,2,1,Going straight,na,na,No priority to pedestrian,Slight Injury
31-50,Employee,Below 1yr,Office areas,Undivided Two way,Crossing,Asphalt roads,Daylight,Raining,Vehicle with vehicle collision,2,1,Going straight,Driver or rider,18-30,Moving Backward,Slight Injury
31-50,Employee,2-5yr,Office areas,other,Crossing,Asphalt roads,Daylight,Normal,Collision with pedestrians,2,1,Other,Passenger,Over 51,Changing lane to the right,Serious Injury
Over 51,Owner,1-2yr,Residential areas,Two-way (divided with broken lines road marking),Crossing,Asphalt roads,Daylight,Normal,Vehicle with vehicle collision,2,1,,Passenger,31-50,Changing lane to the left,Serious Injury
Under 18,Employee,5-10yr,Office areas,Two-way (divided with broken lines road marking),Y Shape,Asphalt roads,Daylight,Normal,Vehicle with vehicle collision,2,1,Going straight,Driver or rider,18-30,Changing lane to the right,Slight Injury
18-30,Employee,2-5yr,Residential areas,Undivided Two way,Y Shape,Asphalt roads,Daylight,Normal,Vehicle with vehicle collision,2,1,Turnover,na,na,Driving under the influence of drugs,Slight Injury
31-50,Owner,5-10yr,Office areas,Double carriageway (median),Y Shape,Asphalt roads,Daylight,Normal,Vehicle with vehicle collision,2,1,Going straight,Pedestrian,31-50,No priority to vehicle,Slight Injury
18-30,Employee,Above 10yr,Office areas,Double carriageway (median),Y Shape,Asphalt roads,Daylight,Normal,Vehicle with vehicle collision,2,1,Moving Backward,Pedestrian,18-30,No priority to vehicle,Slight Injury
18-30,Employee,5-10yr,Other,Two-way (divided with broken lines road marking),Y Shape,Asphalt roads,Daylight,Normal,Collision with roadside objects,2,1,Moving Backward,Pedestrian,18-30,Changing lane to the left,Serious Injury
18-30,Employee,5-10yr,Other,Two-way (divided with broken lines road marking),Y Shape,Asphalt roads,Daylight,Normal,Collision with roadside objects,2,1,Going straight,na,na,Changing lane to the right,Serious Injury
18-30,Employee,5-10yr,Residential areas,Two-way (divided with broken lines road marking),Crossing,Asphalt roads,Daylight,Normal,Vehicle with vehicle collision,1,2,Other,Driver or rider,18-30,Changing lane to the right,Serious Injury
31-50,Employee,Above 10yr, Church areas,Two-way (divided with broken lines road marking),Crossing,Asphalt roads,Daylight,Normal,Vehicle with vehicle collision,1,2,Going straight,na,na,Changing lane to the left,Serious Injury
18-30,,1-2yr, Church areas,Double carriageway (median),Y Shape,Asphalt roads,Daylight,Normal,Vehicle with vehicle collision,2,1,Going straight,Driver or rider,31-50,Changing lane to the left,Slight Injury
18-30,Employee,2-5yr,Residential areas,Double carriageway (median),Y Shape,Asphalt roads,Daylight,Normal,Vehicle with vehicle collision,2,1,Going straight,na,na,Getting off the vehicle improperly,Slight Injury
31-50,Employee,1-2yr,Office areas,Two-way (divided with broken lines road marking),Y Shape,Asphalt roads,Daylight,Normal,Vehicle with vehicle collision,2,2,Going straight,Driver or rider,Under 18,Overtaking,Serious Injury
31-50,,,Office areas,Two-way (divided with broken lines road marking),Y Shape,Earth roads,Daylight,Normal,Vehicle with vehicle collision,2,2,Going straight,Driver or rider,31-50,Changing lane to the left,Serious Injury
31-50,Employee,5-10yr,Residential areas,Two-way (divided with broken lines road marking),Y Shape,Asphalt roads,Daylight,Normal,Vehicle with vehicle collision,2,2,Going straight,na,na,Driving under the influence of drugs,Serious Injury
18-30,Employee,5-10yr, Church areas,other,Crossing,Asphalt roads,Daylight,Normal,Vehicle with vehicle collision,1,1,Going straight,Driver or rider,18-30,Driving carelessly,Serious Injury
18-30,Employee,Above 10yr,Other,Two-way (divided with broken lines road marking),Y Shape,Asphalt roads,Daylight,Normal,Vehicle with vehicle collision,3,4,Going straight,na,na,Moving Backward,Slight Injury
18-30,Employee,2-5yr,Office areas,Two-way (divided with broken lines road marking),Y Shape,Asphalt roads,Daylight,Normal,Vehicle with vehicle collision,3,4,Other,Driver or rider,31-50,No distancing,Slight Injury
31-50,Owner,Above 10yr,Other,Two-way (divided with broken lines road marking),Y Shape,Asphalt roads,Daylight,Normal,Other,3,4,Going straight,na,na,No priority to vehicle,Slight Injury
18-30,Employee,2-5yr,Other,Two-way (divided with broken lines road marking),No junction,Asphalt roads,Daylight,Normal,Vehicle with vehicle collision,3,4,Overtaking,Pedestrian,Over 51,Overturning,Slight Injury
Over 51,Other,5-10yr,,,No junction,Asphalt roads,Daylight,Normal,Collision with roadside objects,2,1,Going straight,na,na,Changing lane to the left,Slight Injury
31-50,Employee,5-10yr,Residential areas,Two-way (divided with broken lines road marking),Y Shape,Asphalt roads,Daylight,Normal,Vehicle with vehicle collision,2,1,Going straight,Driver or rider,31-50,No distancing,Slight Injury
18-30,,5-10yr, Church areas,Undivided Two way,Y Shape,Asphalt roads,Daylight,Other,Vehicle with vehicle collision,2,1,Going straight,na,na,Moving Backward,Slight Injury
31-50,Employee,5-10yr,Other,Undivided Two way,Y Shape,Asphalt roads,Daylight,Other,Vehicle with vehicle collision,2,1,U-Turn,Driver or rider,18-30,No priority to vehicle,Slight Injury
Unknown,Employee,Above 10yr,Other,One way,Y Shape,Asphalt roads,Daylight,Other,Vehicle with vehicle collision,2,3,Going straight,Passenger,31-50,No priority to vehicle,Slight Injury
Over 51,,Below 1yr,Residential areas,Two-way (divided with broken lines road marking),Y Shape,Asphalt roads,Daylight,Other,Vehicle with vehicle collision,2,3,Going straight,Passenger,5,No distancing,Slight Injury
31-50,Employee,5-10yr,Office areas,One way,Other,Asphalt roads,Daylight,Other,Vehicle with vehicle collision,2,3,Going straight,Driver or rider,5,No distancing,Slight Injury
31-50,Employee,1-2yr, Industrial areas,Two-way (divided with broken lines road marking),Crossing,Asphalt roads,Daylight,Other,Collision with roadside objects,2,3,Going straight,Passenger,5,Overtaking,Slight Injury
Over 51,Employee,Above 10yr,Residential areas,Double carriageway (median),Crossing,Asphalt roads,Daylight,Normal,Collision with roadside objects,2,1,Turnover,na,na,Driving under the influence of drugs,Serious Injury
Over 51,Owner,2-5yr,Office areas,Unknown,No junction,Asphalt roads,Daylight,Normal,Vehicle with vehicle collision,2,1,Going straight,Driver or rider,18-30,Changing lane to the right,Serious Injury
18-30,Employee,5-10yr,Other,,No junction,Asphalt roads,Daylight,Normal,Collision with roadside objects,1,1,Going straight,na,na,Changing lane to the left,Serious Injury
18-30,Employee,Below 1yr, Church areas,other,Crossing,Asphalt roads,Daylight,Normal,Collision with roadside objects,3,1,Moving Backward,Driver or rider,31-50,Driving carelessly,Slight Injury
31-50,Employee,5-10yr, Industrial areas,,Crossing,Asphalt roads,Daylight,Normal,Vehicle with vehicle collision,3,1,Going straight,na,na,Moving Backward,Slight Injury
31-50,Employee,Above 10yr,  Recreational areas,One way,Crossing,Asphalt roads,Daylight,Normal,Vehicle with vehicle collision,3,1,Moving Backward,na,na,Moving Backward,Slight Injury
18-30,Employee,5-10yr,  Market areas,Undivided Two way,Crossing,Asphalt roads,Daylight,Raining,Collision with roadside objects,2,2,Going straight,Driver or rider,18-30,Changing lane to the right,Slight Injury
31-50,Employee,1-2yr,Other,Two-way (divided with broken lines road marking),Y Shape,Asphalt roads,Daylight,Raining,Vehicle with vehicle collision,2,2,Going straight,Driver or rider,Over 51,No priority to vehicle,Slight Injury
Over 51,Employee,,Other,Two-way (divided with broken lines road marking),Y Shape,Asphalt roads,Daylight,Normal,Vehicle with vehicle collision,2,1,Going straight,na,na,Driving at high speed,Slight Injury
Over 51,Employee,1-2yr, Industrial areas,Two-way (divided with broken lines road marking),Y Shape,Asphalt roads,Daylight,Normal,Vehicle with vehicle collision,2,1,Going straight,Passenger,18-30,Driving under the influence of drugs,Slight Injury
Over 51,Employee,Above 10yr,Other,Two-way (divided with broken lines road marking),Y Shape,Asphalt roads,Daylight,Normal,Vehicle with vehicle collision,3,1,U-Turn,na,na,Changing lane to the right,Slight Injury
Over 51,Employee,1-2yr,Office areas,other,Y Shape,Asphalt roads,Daylight,Normal,Vehicle with vehicle collision,3,1,Going straight,Passenger,Over 51,Driving carelessly,Slight Injury
Over 51,Employee,5-10yr,,other,Y Shape,Asphalt roads,Daylight,Normal,Vehicle with vehicle collision,3,1,Going straight,na,na,No distancing,Slight Injury
31-50,Employee,2-5yr,Office areas,Two-way (divided with broken lines road marking),Crossing,Asphalt roads,Daylight,Normal,Collision with pedestrians,1,1,Going straight,Driver or rider,18-30,Changing lane to the left,Slight Injury
Over 51,,,Office areas,Undivided Two way,Crossing,Asphalt roads,Darkness - lights lit,Normal,Vehicle with vehicle collision,4,1,Going straight,na,na,No distancing,Slight Injury
18-30,Employee,2-5yr,Other,other,Crossing,Asphalt roads,Darkness - lights lit,Normal,Collision with roadside objects,4,1,Going straight,Driver or rider,18-30,No distancing,Slight Injury
Unknown,Employee,2-5yr,Other,other,Crossing,Asphalt roads,Darkness - lights lit,Normal,Vehicle with vehicle collision,4,1,Going straight,na,na,Getting off the vehicle improperly,Slight Injury
Unknown,Employee,Above 10yr,Other,Undivided Two way,Crossing,Asphalt roads,Darkness - lights lit,Normal,Vehicle with vehicle collision,4,1,Stopping,Driver or rider,18-30,Overtaking,Slight Injury
Under 18,Employee,1-2yr,Other,other,Crossing,Asphalt roads,Daylight,Normal,Vehicle with vehicle collision,3,3,Turnover,Driver or rider,31-50,Driving carelessly,Slight Injury
18-30,Owner,1-2yr,Residential areas,Undivided Two way,No junction,Asphalt roads,Daylight,Normal,Vehicle with vehicle collision,3,3,Getting off,na,na,Driving under the influence of drugs,Slight Injury
18-30,Employee,No Licence, Church areas,Undivided Two way,Crossing,Asphalt roads,Daylight,Normal,Vehicle with vehicle collision,3,3,Moving Backward,na,na,Moving Backward,Slight Injury
18-30,Employee,1-2yr,Office areas,Double carriageway (median),Crossing,Asphalt roads,Daylight,Normal,Vehicle with vehicle collision,2,1,Moving Backward,Driver or rider,31-50,Overturning,Slight Injury
31-50,Employee,5-10yr, Church areas,other,Other,Asphalt roads,Daylight,Normal,Vehicle with vehicle collision,2,1,Going straight,Driver or rider,31-50,Driving under the influence of drugs,Slight Injury
Over 51,Employee,Above 10yr,Other,Two-way (divided with broken lines road marking),Other,Asphalt roads,Daylight,Normal,Vehicle with vehicle collision,2,1,Turnover,na,na,Changing lane to the right,Slight Injury
31-50,Employee,Above 10yr,,other,Y Shape,Asphalt roads,Daylight,Normal,Vehicle with vehicle collision,2,1,Going straight,na,na,Changing lane to the left,Slight Injury
31-50,Owner,5-10yr,School areas,other,Y Shape,Asphalt roads,Daylight,Normal,Collision with roadside objects,2,1,Going straight,Driver or rider,31-50,No distancing,Slight Injury
Over 51,Employee,2-5yr,Office areas,Two-way (divided with broken lines road marking),Y Shape,Asphalt roads,Daylight,Normal,Vehicle with vehicle collision,2,1,U-Turn,Pedestrian,18-30,No distancing,Slight Injury
Over 51,Employee,2-5yr,Other,other,Y Shape,Asphalt roads,Daylight,Normal,Collision with roadside objects,2,1,Going straight,Pedestrian,18-30,No priority to vehicle,Slight Injury
31-50,Employee,Below 1yr,Office areas,Undivided Two way,Y Shape,Asphalt roads,Daylight,Normal,Vehicle with vehicle collision,2,1,Going straight,Pedestrian,Over 51,Moving Backward,Slight Injury
18-30,Employee,2-5yr,Other,Undivided Two way,No junction,Asphalt roads,Daylight,Normal,Vehicle with vehicle collision,1,1,U-Turn,Pedestrian,31-50,Moving Backward,Serious Injury
31-50,Employee,2-5yr,Other,Two-way (divided with broken lines road marking),Crossing,Asphalt roads,Daylight,Normal,,2,1,Stopping,na,na,Getting off the vehicle improperly,Slight Injury
18-30,Employee,5-10yr,Office areas,Undivided Two way,Y Shape,Asphalt roads,Daylight,Normal,Collision with pedestrians,2,1,Going straight,Driver or rider,31-50,Changing lane to the left,Slight Injury
18-30,Employee,Above 10yr,Other,Double carriageway (median),Y Shape,Asphalt roads,Daylight,Normal,Vehicle with vehicle collision,3,1,Moving Backward,Driver or rider,31-50,Changing lane to the left,Slight Injury
31-50,,, Church areas,other,Y Shape,Asphalt roads,Daylight,Normal,Vehicle with vehicle collision,3,1,Getting off,na,na,No priority to vehicle,Slight Injury
31-50,Employee,2-5yr,Office areas,Two-way (divided with broken lines road marking),Y Shape,Asphalt roads,Daylight,Normal,Vehicle with vehicle collision,3,1,Going straight,Driver or rider,18-30,Changing lane to the right,Slight Injury
18-30,Employee,5-10yr,Office areas,Two-way (divided with broken lines road marking),Y Shape,Asphalt roads,Daylight,Normal,Collision with pedestrians,1,1,Going straight,na,na,Changing lane to the right,Slight Injury
18-30,Employee,2-5yr,Other,Undivided Two way,Y Shape,Asphalt roads,Daylight,Normal,Collision with roadside objects,2,1,Turnover,na,na,Driving carelessly,Slight Injury
18-30,,,Residential areas,Undivided Two way,Y Shape,Asphalt roads,Daylight,Normal,,2,1,Moving Backward,Driver or rider,18-30,Changing lane to the left,Slight Injury
31-50,Employee,1-2yr,Residential areas,Undivided Two way,Y Shape,Asphalt roads,Daylight,Normal,Vehicle with vehicle collision,1,2,Going straight,Pedestrian,18-30,Changing lane to the right,Serious Injury
31-50,Employee,2-5yr,,Two-way (divided with broken lines road marking),Other,Asphalt roads,Daylight,Normal,,1,2,Moving Backward,na,na,Driving under the influence of drugs,Serious Injury
18-30,Employee,Above 10yr,Other,other,Other,Asphalt roads,Daylight,Normal,,3,1,Going straight,Driver or rider,31-50,Driving carelessly,Slight Injury
31-50,Employee,Below 1yr,Office areas,,No junction,Asphalt roads,Daylight,Normal,,3,1,,na,na,No distancing,Slight Injury
Unknown,Employee,2-5yr,School areas,Double carriageway (median),No junction,Asphalt roads,Daylight,Normal,Vehicle with vehicle collision,3,1,Going straight,Pedestrian,31-50,No priority to vehicle,Slight Injury
18-30,Employee,Below 1yr,Other,Two-way (divided with broken lines road marking),Unknown,Asphalt roads,Daylight,Normal,Vehicle with vehicle collision,2,1,,Driver or rider,18-30,No priority to vehicle,Slight Injury
31-50,Employee,5-10yr,Other,Two-way (divided with broken lines road marking),Unknown,Asphalt roads,Daylight,Normal,Collision with roadside objects,2,1,Going straight,na,na,No priority to vehicle,Slight Injury
31-50,Employee,1-2yr, Church areas,Two-way (divided with broken lines road marking),Y Shape,Asphalt roads,Daylight,Normal,Collision with roadside objects,2,1,,Driver or rider,18-30,Changing lane to the left,Slight Injury
18-30,Employee,Below 1yr,Office areas,,Y Shape,Asphalt roads,Daylight,Normal,Vehicle with vehicle collision,2,1,Going straight,na,na,Moving Backward,Slight Injury
18-30,,,Other,Two-way (divided with broken lines road marking),Y Shape,Asphalt roads,Daylight,Normal,Vehicle with vehicle collision,3,1,Going straight,Driver or rider,5,Driving carelessly,Slight Injury
18-30,Employee,Below 1yr,Residential areas,Double carriageway (median),No junction,Asphalt roads,Daylight,Normal,Vehicle with vehicle collision,3,1,Going straight,Driver or rider,18-30,Driving under the influence of drugs,Slight Injury
31-50,Employee,Below 1yr,Office areas,Two-way (divided with broken lines road marking),Crossing,Asphalt roads,Daylight,Normal,Vehicle with vehicle collision,3,1,Going straight,na,na,Changing lane to the right,Slight Injury
31-50,,,Office areas,Undivided Two way,Crossing,Asphalt roads,Daylight,Normal,Vehicle with vehicle collision,2,1,Going straight,Pedestrian,18-30,No priority to vehicle,Slight Injury
31-50,Employee,2-5yr,Office areas,Two-way (divided with broken lines road marking),Y Shape,Asphalt roads,Daylight,Normal,Rollover,2,1,Other,na,na,Changing lane to the right,Slight Injury
Unknown,Employee,Above 10yr, Church areas,,Unknown,Asphalt roads,Darkness - lights lit,Normal,Vehicle with vehicle collision,1,2,Other,Driver or rider,18-30,Driving to the left,Serious Injury
Unknown,Employee,Above 10yr,Office areas,Two-way (divided with broken lines road marking),Unknown,Asphalt roads,Darkness - lights lit,Normal,Collision with roadside objects,1,2,Going straight,Pedestrian,18-30,Moving Backward,Serious Injury
18-30,Employee,5-10yr,Office areas,Two-way (divided with broken lines road marking),Y Shape,Asphalt roads,Daylight,Normal,Collision with pedestrians,3,1,Going straight,Pedestrian,18-30,No priority to vehicle,Slight Injury
18-30,Employee,1-2yr,Office areas,Two-way (divided with broken lines road marking),Y Shape,Asphalt roads,Daylight,Normal,Vehicle with vehicle collision,3,1,Getting off,na,na,No distancing,Slight Injury
18-30,Employee,Below 1yr,Office areas,Two-way (divided with broken lines road marking),No junction,Asphalt roads,Daylight,Normal,Vehicle with vehicle collision,3,1,Going straight,Driver or rider,18-30,Driving carelessly,Slight Injury
31-50,Employee,Below 1yr,Other,Two-way (divided with broken lines road marking),Y Shape,Asphalt roads,Darkness - lights lit,Normal,Vehicle with vehicle collision,2,2,Going straight,Driver or rider,18-30,Changing lane to the left,Slight Injury
31-50,Employee,2-5yr,Residential areas,Double carriageway (median),Y Shape,Asphalt roads,Darkness - lights lit,Normal,Vehicle with vehicle collision,2,2,Going straight,na,na,No priority to vehicle,Slight Injury
31-50,Owner,1-2yr, Church areas,Undivided Two way,Y Shape,Asphalt roads,Daylight,Normal,Vehicle with vehicle collision,1,2,Going straight,Driver or rider,31-50,No priority to vehicle,Serious Injury
31-50,Employee,5-10yr,Other,Two-way (divided with broken lines road marking),Y Shape,Asphalt roads,Daylight,Normal,Vehicle with vehicle collision,1,2,Going straight,na,na,No distancing,Serious Injury
31-50,Employee,2-5yr,  Recreational areas,Two-way (divided with broken lines road marking),Y Shape,Asphalt roads,Daylight,Normal,Vehicle with vehicle collision,2,1,Getting off,na,na,Driving to the left,Slight Injury
31-50,Owner,5-10yr,,,Y Shape,Asphalt roads,Daylight,Normal,Collision with roadside objects,2,1,Going straight,Driver or rider,18-30,Driving carelessly,Slight Injury
31-50,Employee,Above 10yr, Industrial areas,Undivided Two way,Y Shape,Asphalt roads,Darkness - lights lit,Normal,Rollover,1,1,Going straight,Driver or rider,31-50,Driving carelessly,Fatal injury
31-50,Employee,5-10yr,Other,Two-way (divided with broken lines road marking),Y Shape,Asphalt roads,Daylight,Normal,Vehicle with vehicle collision,1,1,Other,Driver or rider,18-30,Changing lane to the right,Slight Injury
31-50,Employee,5-10yr,Other,other,Y Shape,Asphalt roads,Daylight,Normal,Collision with pedestrians,2,2,Going straight,Driver or rider,Under 18,Driving carelessly,Slight Injury
18-30,Employee,5-10yr, Church areas,other,Y Shape,Asphalt roads,Daylight,Normal,Vehicle with vehicle collision,2,2,Going straight,Driver or rider,18-30,Changing lane to the left,Slight Injury
18-30,Employee,Above 10yr, Church areas,Undivided Two way,O Shape,Asphalt roads,Daylight,Normal,Vehicle with vehicle collision,2,1,Going straight,na,na,Driving carelessly,Slight Injury
18-30,,1-2yr,Other,Two-way (divided with broken lines road marking),O Shape,Asphalt roads,Daylight,Normal,Collision with pedestrians,2,1,Going straight,na,na,Driving carelessly,Slight Injury
31-50,Employee,2-5yr,Other,One way,O Shape,Asphalt roads,Daylight,Raining,Collision with pedestrians,2,4,Going straight,Driver or rider,Under 18,Driving under the influence of drugs,Fatal injury
Over 51,Employee,1-2yr,  Recreational areas,Two-way (divided with broken lines road marking),No junction,,Daylight,Raining,Vehicle with vehicle collision,2,4,Reversing,Driver or rider,18-30,Driving carelessly,Fatal injury
31-50,,,Other,Undivided Two way,Y Shape,Asphalt roads,Daylight,Raining,Vehicle with vehicle collision,2,4,Other,na,na,No distancing,Fatal injury
31-50,Employee,5-10yr,Office areas,Undivided Two way,Y Shape,Asphalt roads,Daylight,Raining,Vehicle with vehicle collision,2,4,Going straight,Driver or rider,Over 51,Driving carelessly,Fatal injury
18-30,Employee,5-10yr, Church areas,Two-way (divided with broken lines road marking),Y Shape,Asphalt roads,Daylight,Normal,Vehicle with vehicle collision,1,1,Going straight,na,na,Driving to the left,Slight Injury
18-30,Employee,Above 10yr,Office areas,Two-way (divided with broken lines road marking),Y Shape,Asphalt roads,Daylight,Normal,Vehicle with vehicle collision,1,1,Going straight,Driver or rider,Over 51,Overtaking,Slight Injury
18-30,Employee,2-5yr,Office areas,Undivided Two way,No junction,Asphalt roads,Daylight,Normal,Collision with roadside objects,2,1,Going straight,na,na,No distancing,Slight Injury
18-30,Owner,Above 10yr,Other,Undivided Two way,No junction,Asphalt roads,Daylight,Raining,Vehicle with vehicle collision,2,1,Going straight,Driver or rider,18-30,Driving carelessly,Slight Injury
Over 51,Employee,2-5yr,Residential areas,Two-way (divided with broken lines road marking),No junction,Asphalt roads,Darkness - lights lit,Other,Vehicle with vehicle collision,2,1,Going straight,na,na,No priority to vehicle,Slight Injury
Over 51,Other,5-10yr,Office areas,Two-way (divided with broken lines road marking),Y Shape,Asphalt roads,Darkness - lights lit,Other,Vehicle with vehicle collision,2,1,Going straight,na,na,No priority to vehicle,Slight Injury
18-30,Employee,5-10yr,Residential areas,other,Y Shape,Asphalt roads,Daylight,Normal,Vehicle with vehicle collision,2,1,Going straight,na,na,No priority to vehicle,Slight Injury
31-50,,5-10yr,Residential areas,Two-way (divided with broken lines road marking),Y Shape,Asphalt roads,Daylight,Normal,Vehicle with vehicle collision,2,1,Going straight,Driver or rider,18-30,No priority to vehicle,Slight Injury
18-30,Employee,5-10yr,Other,Double carriageway (median),Y Shape,Asphalt roads,Daylight,Raining,Vehicle with vehicle collision,2,2,Moving Backward,Driver or rider,31-50,No distancing,Slight Injury
18-30,Employee,Above 10yr, Hospital areas,One way,Y Shape,Asphalt roads,Daylight,Raining,Vehicle with vehicle collision,2,2,Moving Backward,na,na,Moving Backward,Slight Injury
18-30,,Below 1yr,Other,Undivided Two way,Y Shape,Asphalt roads,Daylight,Normal,Vehicle with vehicle collision,3,1,Turnover,Driver or rider,18-30,No distancing,Slight Injury
31-50,Employee,5-10yr,Other,Undivided Two way,No junction,Asphalt roads,Daylight,Normal,Vehicle with vehicle collision,3,1,Other,na,na,Changing lane to the left,Slight Injury
18-30,Employee,1-2yr,  Recreational areas,One way,No junction,Asphalt roads,Daylight,Normal,Vehicle with vehicle collision,3,1,Other,Driver or rider,18-30,Changing lane to the left,Slight Injury
31-50,,,Other,Undivided Two way,Y Shape,Asphalt roads,Daylight,Normal,Vehicle with vehicle collision,2,1,Going straight,na,na,No priority to pedestrian,Slight Injury
18-30,Employee,Above 10yr,Other,Undivided Two way,Y Shape,Asphalt roads,Daylight,Normal,Vehicle with vehicle collision,2,1,Going straight,Driver or rider,5,Moving Backward,Slight Injury
31-50,Owner,2-5yr,Other,Undivided Two way,O Shape,Asphalt roads,Daylight,Normal,Vehicle with vehicle collision,1,1,Other,na,na,Changing lane to the left,Slight Injury
18-30,Employee,1-2yr,Office areas,Two-way (divided with broken lines road marking),O Shape,Asphalt roads,Daylight,Normal,Vehicle with vehicle collision,1,1,Other,na,na,No distancing,Serious Injury
Over 51,Employee,1-2yr,Other,Two-way (divided with broken lines road marking),Y Shape,Asphalt roads,Daylight,Normal,Vehicle with vehicle collision,1,1,Going straight,Driver or rider,18-30,No priority to vehicle,Slight Injury
Over 51,Owner,2-5yr,Residential areas,Two-way (divided with broken lines road marking),Y Shape,Asphalt roads,Daylight,Normal,Collision with roadside objects,2,1,Reversing,na,na,Changing lane to the right,Slight Injury
Over 51,,,Other,Undivided Two way,No junction,Asphalt roads,Daylight,Normal,Vehicle with vehicle collision,2,1,Other,Driver or rider,31-50,No distancing,Slight Injury
31-50,Owner,2-5yr,Other,Undivided Two way,No junction,Asphalt roads,Daylight,Normal,Vehicle with vehicle collision,1,1,Turnover,na,na,No distancing,Slight Injury
31-50,Employee,1-2yr, Church areas,Undivided Two way,No junction,Asphalt roads,Daylight,Normal,Vehicle with vehicle collision,2,1,Going straight,Driver or rider,5,Getting off the vehicle improperly,Slight Injury
18-30,Owner,5-10yr,Office areas,Undivided Two way,No junction,Asphalt roads,Daylight,Normal,Vehicle with vehicle collision,2,1,Going straight,na,na,No priority to pedestrian,Slight Injury
31-50,Employee,Below 1yr,School areas,other,Y Shape,Asphalt roads,Daylight,Normal,Collision with pedestrians,1,1,Going straight,Driver or rider,18-30,Changing lane to the left,Slight Injury
Over 51,Employee,2-5yr,Other,Undivided Two way,Y Shape,Asphalt roads,Daylight,Raining,Vehicle with vehicle collision,2,4,Going straight,Passenger,5,No distancing,Slight Injury
18-30,Employee,5-10yr,Office areas,Undivided Two way,Y Shape,Asphalt roads,Daylight,Raining,Vehicle with vehicle collision,2,4,Going straight,na,na,Driving carelessly,Slight Injury
18-30,Employee,Above 10yr,Residential areas,other,Y Shape,Gravel roads,Daylight,Raining,Vehicle with vehicle collision,2,4,Going straight,Driver or rider,18-30,No distancing,Slight Injury
31-50,Employee,2-5yr, Industrial areas,One way,Y Shape,Asphalt roads,Daylight,Raining,Vehicle with vehicle collision,2,4,Going straight,na,na,Changing lane to the right,Slight Injury
31-50,Owner,Above 10yr,Other,Undivided Two way,Y Shape,Asphalt roads,Daylight,Normal,Vehicle with vehicle collision,1,1,Going straight,Driver or rider,31-50,Overtaking,Serious Injury
31-50,Employee,1-2yr,Residential areas,Undivided Two way,Y Shape,Asphalt roads,Daylight,Unknown,Vehicle with vehicle collision,1,1,Going straight,na,na,Driving carelessly,Serious Injury
31-50,Employee,5-10yr,  Recreational areas,Two-way (divided with broken lines road marking),Y Shape,Asphalt roads,Darkness - no lighting,Raining,Vehicle with vehicle collision,1,1,Other,na,na,Moving Backward,Serious Injury
31-50,Employee,2-5yr,Office areas,other,Crossing,Asphalt roads,Daylight,Normal,Vehicle with vehicle collision,2,1,Going straight,Driver or rider,Over 51,No distancing,Slight Injury
18-30,Employee,2-5yr, Outside rural areas,Two-way (divided with broken lines road marking),Other,Asphalt roads,Daylight,Normal,Collision with pedestrians,2,1,Going straight,Driver or rider,Over 51,Overtaking,Slight Injury
18-30,Employee,2-5yr, Outside rural areas,Two-way (divided with broken lines road marking),Other,Asphalt roads,Daylight,Normal,Vehicle with vehicle collision,2,1,Moving Backward,Passenger,Over 51,Driving carelessly,Slight Injury
18-30,Employee,2-5yr, Outside rural areas,Undivided Two way,Other,Asphalt roads,Daylight,Normal,Vehicle with vehicle collision,2,1,Going straight,na,na,Driving carelessly,Slight Injury
31-50,Employee,Above 10yr, Outside rural areas,Undivided Two way,Other,Asphalt roads,Daylight,Normal,Vehicle with vehicle collision,1,1,Moving Backward,na,na,Moving Backward,Slight Injury
18-30,Employee,Above 10yr, Outside rural areas,other,No junction,Asphalt roads with some distress,Darkness - lights lit,Normal,Vehicle with vehicle collision,2,2,Other,na,na,Driving carelessly,Slight Injury
31-50,Employee,5-10yr,School areas,other,No junction,Asphalt roads,Darkness - lights lit,Normal,Collision with roadside objects,2,2,Going straight,Driver or rider,18-30,Driving to the left,Slight Injury
18-30,Employee,, Outside rural areas,Two-way (divided with broken lines road marking),No junction,Asphalt roads,Daylight,Normal,Vehicle with vehicle collision,1,1,Reversing,Passenger,Over 51,Changing lane to the left,Serious Injury
31-50,Employee,2-5yr, Outside rural areas,Undivided Two way,No junction,Asphalt roads,Daylight,Normal,Vehicle with vehicle collision,2,1,Going straight,na,na,No distancing,Slight Injury
Unknown,Employee,5-10yr, Outside rural areas,Two-way (divided with broken lines road marking),No junction,Asphalt roads,Daylight,Normal,Vehicle with vehicle collision,2,1,Other,na,na,No distancing,Slight Injury
Over 51,Employee,5-10yr, Outside rural areas,Two-way (divided with broken lines road marking),No junction,Asphalt roads,Daylight,Normal,Vehicle with vehicle collision,1,1,Other,Driver or rider,31-50,Changing lane to the right,Serious Injury
18-30,Employee,Above 10yr,Office areas,Undivided Two way,No junction,Asphalt roads,Darkness - lights lit,Normal,Vehicle with vehicle collision,2,1,Other,na,na,Driving under the influence of drugs,Slight Injury
18-30,Employee,5-10yr, Outside rural areas,Undivided Two way,O Shape,Asphalt roads,Darkness - lights lit,Normal,Vehicle with vehicle collision,2,1,Stopping,Pedestrian,5,Changing lane to the right,Slight Injury